class;size;avg_distance
1;1763;1.98060126769
2;2862;0.94444760608
3;617;2.73856559158
4;2226;0.452831325875
5;2532;1.43726617592
